epoch,acc
0,0.3245
1,0.456525
2,0.5048
3,0.536625
4,0.5518
