epoch,loss
0,1.934516125869751
1,1.5514719123840333
2,1.4122247346878052
3,1.3342141548156738
4,1.2879465620040893
