epoch,loss
0,1.8369637783050536
1,1.5738723363876344
2,1.4085235944747925
3,1.4535052900314331
4,1.3676598699569702
